{
  "AppName": "EmbyStat",
  "Id": "c62059f7-4dd4-47a1-ada3-a4e0056d506e",
  "Version": 6,
  "WizardFinished": true,
  "Username": "reggi",
  "Language": "en-US",
  "ToShortMovieEnabled": true,
  "ToShortMovie": 10,
  "KeepLogsCount": 10,
  "MovieLibraryTypes": [
    0,
    1,
    6
  ],
  "ShowLibraryTypes": [
    0,
    2
  ],
  "AutoUpdate": true,
  "UpdateTrain": 1,
  "UpdateInProgress": false,
  "MediaServer": {
    "ServerName": null,
    "ApiKey": "10a1be6c47a0425d81d83b67a9490967",
    "ServerAddress": "192.168.72.22",
    "ServerPort": 8096,
    "AuthorizationScheme": "MediaBrowser",
    "AccessToken": null,
    "ServerProtocol": 1,
    "ServerType": 0,
    "UserId": ""
  },
  "Emby": null,
  "Tvdb": {
    "LastUpdate": null,
    "ApiKey": "BWLRSNRC0AQUIEYX"
  },
  "EnableRollbarLogging": false
}